Area,ISO3_CODE,CNTR_ID,Region,Tobacco Yield,Tobacco Area,Cereal Security,Wheat Yield,Barley Yield,"Cereals, nes Yield",Maize Yield,Rice Yield,Wheat Trade,Barley Trade,"Cereals, nes Trade",Maize Trade,Rice Trade,Root Security,Sweet Potato Yield,Cassava Yield,Onions Yield,Sugarbeet Yield,Potatoes Yield,Tubers Yield,Pumpkins Yield,Cassava Trade,Onions Trade,Sugarbeet Trade,Potatoes Trade,Tubers Trade,Sweet Potato Trade,Breakcrop Security,Millet Yield,Sorghum Yield,Fonio Yield,Hempseed Yield,Poppyseed Yield,Sunflowerseed Yield,Quinoa Yield,Lentils Yield,Buckwheat Yield,Sesame Yield,Linseed Yield,Oats Yield,Rapeseed Yield,Millet Trade,Oats Trade,Rapeseed Trade,Sesame Trade,Sorghum Trade,Sunflowerseed Trade,Pulse Security,Beans_dry Yield,BroadBeans  Yield,Cowpeas Yield,Groundnuts Yield,Peas Yield,Soybeans Yield,Chickpeas Yield,"Pulses, nes Yield",Beans_dry Trade,Groundnuts Trade,Peas Trade,"Pulses, nes Trade",Soybeans Trade,% Cereal demand,% Pulse demand,% Root demand,% Break demand
Albania,ALB,AL,Europe,1.8061,960.2,Wheat,3.9297,2.87718,,6.85816,,294500,10250,0,71250,36750,Potatoes,,,20.3914,33.81032,25.15494,,26.37932,0,4250,0,16250,0,,Oats,,,,,,2.514,,,,,,2.13226,,0,750,0,0,0,0,Beans_dry,1.79618,1.24204,,,,2.58422,,0.6418,1000,1000,0,750,0,0.64,28.74,24.77,45.5
Algeria,DZA,DZ,Africa,2.28056,4801.4,Wheat,1.5336,1.1518,,3.14652,1.8968,8321250,670500,6000,4224000,180750,Potatoes,,,30.32736,,30.78112,,24.84426,0,0,0,129250,0,,Oats,,14.864,,,,0.4489,,0.99552,,,,1.08634,1.96872,2500,16250,2000,6250,500,11250,"Pulses, nes",0.83302,1.20838,,2.3116,1.01216,,1.05056,1.3771,62250,84500,10500,152000,8250,0.04,0.73,19.06,5.35
Angola,AGO,AO,Africa,1.0261,2921.8,Wheat,0.98758,,,1.02194,1.2491,1025500,0,0,306000,668250,Potatoes,10.02758,8.71696,,,6.81212,,,750,25500,0,25000,0,,Sorghum,0.24438,0.2377,,,,0.70734,,,,0.2631,,,,0,500,0,-1000,200,0,Beans_dry,0.4275,,,0.70136,,0.84122,,0,52750,750,0,500,250,0.14,0.39,13.27,57.88
Argentina,ARG,AR,America,2.00834,52944.6,"Cereals, nes",3.07472,3.95598,0.63026,7.25548,6.67306,-10597000,-3140000,-125000,-22093000,-589500,Sweet Potato,14.93284,10.01586,25.6809,,32.03076,,14.2095,5750,-62500,0,-353000,0,8666.667,Oats,1.77918,4.42248,,,,2.08256,,1.30216,,,1.20476,2.31034,1.98096,-3000,-2250,-27000,-5750,-566750,-110750,Peas,1.18236,8.90152,,2.78526,1.5832,3.00212,1.96864,0,-382750,-766500,-76750,-130250,-5585250,-13.35,-18.2,1520.41,-906.07
Armenia,ARM,AM,Europe,2.44376,456,Wheat,2.70904,2.17552,1.89224,5.5728,,336750,15500,6000,50750,10000,Onions,,,25.47412,15.30802,20.68526,,,0,5000,0,3000,0,,Oats,,,,,,,,1.61004,,,1.36364,2.27422,,0,1000,0,0,0,4500,"Pulses, nes",2.30954,,,,1.82668,,,1.9801,500,1250,1000,2500,500,0.18,6.02,38.72,17.28
Australia,AUS,AU,Asia,2.72826,758.6,Maize,2.0222,2.26698,,7.02632,9.83538,-16853250,-7331250,-7250,-33000,-109500,Potatoes,37.26748,,55.03126,,39.2767,,20.13156,12500,-30250,0,105750,4000,-800,Sunflowerseed,1.01738,2.79732,,,,0.98148,,1.39068,,,0.91426,1.56046,1.30036,-1000,-201500,-2543250,6250,-766000,5500,Groundnuts,0.86532,1.4872,,3.1976,1.08344,1.43626,1.17218,5.5374,-110500,42250,-169250,-1844000,19500,-8.08,0.96,4.7,2.26
Austria,AUT,AT,Europe,1.7166,67,Maize,5.44066,5.65714,3.23466,10.06362,,220000,57500,16500,651750,61750,Potatoes,,,43.5734,70.6966,30.32608,,32.22872,0,-32500,-121250,152250,0,2000,Rapeseed,4.188866667,7.3084,,,0.732733333,2.69948,,,,,1.17272,3.76488,3.07986,-4500,3500,224250,2750,-250,85750,Soybeans,,2.28942,,,2.42156,2.87268,,2.4997,2000,13000,250,7500,62500,0.05,0.05,0.22,0.02
Azerbaijan,AZE,AZ,Europe,1.90924,2678.4,Wheat,3.0297,2.71584,,7.05998,2.67442,1270500,13500,11000,103416.6667,14500,Potatoes,,,17.32552,34.86114,15.29834,,20.79454,0,-11000,0,99000,0,,Sunflowerseed,1.85522,4.0905,,,,1.97606,,1.57888,,,,2.3718,,-9750,1000,0,250,0,8666.666667,Soybeans,2.36892,2.0201,,,1.78992,0.59006,,2.1083,1500,2500,4250,5000,17000,0.32,1.55,6.9,10.18
Bangladesh,BGD,BD,Asia,1.99374,49169.2,Wheat,3.09656,0.8555,,7.65486,4.6531,5229750,0,0,1153250,1441750,Onions,10.24982,,10.01284,,20.2079,,10.36614,169500,314250,0,-37750,-83.33333333,,Rapeseed,1.05052,1.11018,,,,,,1.12574,,0.92202,0.72682,,1.1237,0,750,140250,-13500,2500,7250,Soybeans,0.88116,,,1.77166,1.1167,1.74372,1.02908,1.0616,17250,1500,369250,510500,1079750,1.46,1.32,26.11,6.57
Belgium,BEL,BE,Europe,2.827733333,45.2,Wheat,8.64968,7.9801,5.304,9.5349,,2725500,1114250,-67750,1490500,136500,Onions,,,34.83696,85.00074,41.2601,,31.94988,3750,79750,-26250,-1752000,3500,13600,Rapeseed,,,,,,,,,,,0.680966667,5.41528,3.92966,22500,80500,1956250,1500,22750,88750,Peas,4.465666667,4.24894,,,4.2947,,,0,7000,12750,83000,3500,243750,0.01,0.04,0.33,0
Benin,BEN,BJ,Africa,0.66124,22.6,Rice,,,,1.3566,3.40868,174500,12000,11250,2250,2140666.667,Potatoes,7.4107,13.13304,15.2943,,10.7476,,,0,0,0,4500,0,,None,0.85376,1.00982,0.65356,,,,,,,0.86362,,,,0,0,0,0,0,0,"Pulses, nes",0.84652,,,0.90678,,1.04048,,1.2368,0,-2250,0,250,0,0,1.86,0.9,0
Bhutan,BTN,BT,Asia,1.49276,138,None,1.59626,1.51244,0.9574,3.5921,4.0563,,,,,,None,1.62144,,2.23992,,10.2223,16.2867,8.71994,,,,,,,None,1.1842,,,,,0.520525,,,1.30994,,,,,,,,,,,None,1.0824,,,1.358375,1.70116,0.82984,,0.6507,,,,,,0,0,0,0
Bolivia,BOL,BO,America,1.00654,1192.4,Wheat,1.35,0.877,0.63436,2.39504,2.9627,483500,51750,-30000,31750,41750,Potatoes,4.17734,6.9899,11.46384,,6.24914,2.90238,7.65078,25000,9750,0,37250,0,3600,Oats,,2.57018,,,,0.99008,0.59732,,,0.5958,0.24606,1.542,,0,2250,750,-5000,-11000,500,Groundnuts,1.2294,0.89986,,1.33152,1.4103,2.2346,1.57274,0,-21500,-11250,0,500,-21250,0.17,-2.35,3.33,13.62
Bosnia and Herzegovina,BIH,BA,Europe,1.37,1512.4,Wheat,3.9707,3.39142,,5.39164,,373250,48750,3000,234750,10750,Potatoes,,,7.97438,20.6861,10.76332,,,0,8250,0,23250,0,,Sunflowerseed,,,,,,1.6295,,,1.03504,,,2.7326,2.57768,0,5250,2000,0,0,84500,Soybeans,1.37736,,0.71136,,1.86802,2.1995,3.30872,0,5750,3250,0,0,24250,0.8,2.29,11.67,0.49
Brazil,BRA,BR,America,2.07994,378322.2,Wheat,2.59246,3.13394,,5.26446,5.96012,5866500,1558000,12500,-24743000,-348000,Potatoes,14.02072,14.86478,30.0564,,30.55584,,,-31250,0,0,347250,-1500,-7800,Rapeseed,,2.8172,,,,1.53464,,,1.34574,0.76286,0.93592,2.02756,1.39838,4500,-4000,10750,2000,-8750,8000,Beans_dry,1.06388,0.30798,,3.52936,2.99168,3.1774,,0,79500,-220250,36750,9750,-64130000,8.36,84.38,554.83,820.21
Bulgaria,BGR,BG,Europe,1.65814,8078.8,Rice,4.96466,4.45568,2.0505,6.49508,5.59722,-4058000,-325750,-46750,-1156500,-25750,Potatoes,,,10.766,,17.54928,,11.41678,0,26750,0,63000,0,200,Millet,1.5737,3.04036,,,0.6947,2.30324,,1.3947,,,1.007425,2.24114,2.77528,-500,-1500,-376500,2000,0,-580000,Beans_dry,0.993,1.13156,,1.9032,2.38532,1.63908,1.325566667,2.2085,11250,11000,-22750,-1750,11000,-87.8,11.88,37.51,-423.79
Burkina Faso,BFA,BF,Africa,0.85062,526,Rice,,,,1.7014,2.16246,260500,0,-750,-31500,298000,Cassava,10.84104,1.02424,,,11.03498,,,17250,0,0,8500,-1000,,Sorghum,0.78652,0.95484,0.75586,,,,,,,0.58306,,,,-9000,0,500,-150000,-3000,0,"Pulses, nes",,,0.48066,0.79566,,1.1107,,1.0283,-4000,-5750,0,750,-1500,0.19,12.02,0.52,-2.79
Burundi,BDI,BI,Africa,0.69948,764.6,None,0.70342,,0.87708,1.3273,1.7012,,,,,,None,10.4817,8.58852,,,9.75008,,,,,,,,,None,1.11852,0.74602,,,,,,,,,,,,,,,,,,None,0.67352,,,0.64738,4.46824,0.4977,,0,,,,,,0,0,0,0
Cote d Ivoire,CIV,CI,Africa,0.5149,12046.6,Rice,,,,2.03744,2.61338,553250,0,19250,11250,2139750,Cassava,1.84078,6.20262,,,,15.70966,9.71646,-2250,0,0,19500,-15000,,Sesame,0.82242,0.70046,1.4034,,,,,,,0.20762,,,,0,5250,2000,-500,0,0,Groundnuts,0.85238,,,1.44732,,1.47514,,0,0,-2750,500,0,0,0.74,-105.67,-553.49,-83.37
Cambodia,KHM,KH,Asia,1.86424,7737,Maize,,,,4.98688,3.47128,45500,500,500,-23000,-726250,Tubers,5.18578,26.23676,,,,11.67718,,-833250,0,0,2000,1500,-2333.334,Sesame,,,,,,,,,,0.74828,,,,0,0,0,-250,0,0,Beans_dry,1.25648,,,1.32274,,1.60594,,1.2178,1083.333333,1000,500,500,-11083.33333,-83.88,149.56,3011.54,-385.96
Cameroon,CMR,CM,Africa,1.59884,4128,Rice,1.33064,,,1.73486,1.23942,686000,3500,750,52750,900000,Onions,5.88688,14.43544,13.09598,,15.65138,8.08842,1.16692,-2500,3000,0,1000,-2250,,Sorghum,1.3727,1.62758,,,,,,,,1.29598,,,,-500,0,500,0,12250,0,Groundnuts,1.31946,1.43382,0.88492,1.27518,,1.38678,,0,-4666.666667,-1000,6750,250,-5250,0.28,-87.73,300.33,9.14
Canada,CAN,CA,America,2.75006,8287.4,Maize,3.29272,3.69006,,9.79932,,-22538000,-2255200,-429600,-251000,548200,Onions,,,43.51342,72.55806,39.77652,,20.42526,15400,122200,-38333.33333,-1754600,7600,40000,Sunflowerseed,,,,,,2.0607,,1.458,1.0794,,1.45764,3.46986,2.26822,7200,-1944200,-10295800,7000,-11200,-1800,Beans_dry,2.296,,,,2.50162,2.81198,1.70354,1.0142,-240800,117200,-3109000,-2047666.667,-3944800,-16.18,-1.32,49.18,-158.13
Central African Republic,CAF,CF,Africa,0.86952,574.8,Rice,,,,0.7601,1.60088,14500,0,0,750,4000,Potatoes,,2.80038,,,0.75524,,5.32544,0,0,0,500,0,,None,1.10706,0.99824,,,,,,,,0.23884,,,,0,0,0,0,0,0,"Pulses, nes",,,,1.2465,,,,0.7863,250,0,333.3333333,750,0,11.5,10.04,14.47,0
Chad,TCD,TD,Africa,1.2353,146.2,Wheat,1.89698,,1.06394,1.2287,1.4231,86000,0,0,13750,20250,None,6.55124,8.86878,13.02798,,9.7516,,,0,0,0,0,0,,Sorghum,0.58506,0.834,,,,,,,,0.51982,,,,0,0,0,-15000,25000,0,None,0.68906,,,1.15128,,,,0,0,0,0,1000,0,0.16,0,0,0.08
Chile,CHL,CL,America,3.11574,2061.4,Maize,6.0399,6.5067,,11.92588,6.55132,994000,63250,45750,1649000,225500,Potatoes,12.22676,,47.94662,102.0922,24.7335,,24.30154,6000,-2500,0,124750,0,2600,Sunflowerseed,,,,0.53406,,1.32766,,0.71936,,,0.4085,5.05704,3.94894,750,-111750,-4750,1000,69500,-3250,"Pulses, nes",1.46892,,,,0.93072,,0.69508,2.5121,8500,17500,5750,15750,108250,0.75,5.48,6.81,-14.04
China,CHN,CN,Asia,2.2344,1118691.4,Maize,5.46358,3.66602,2.44892,6.07824,6.9478,5038750,7440500,-7000,7516000,4323500,Cassava,21.826,16.55704,22.01952,53.8903,18.17492,14.42096,18.57488,33080250,-763250,-2250,48500,-92250,-24600,Sorghum,2.68314,4.7505,,5.35612,,2.70606,,2.46502,0.84008,1.47074,1.30944,3.51492,2.00588,-2500,292500,4387750,828000,6547750,-250750,Soybeans,1.71404,2.05192,1.01158,3.73222,1.52158,1.84642,5.30446,0,-365000,-322000,1337750,42500,89723250,45.23,0.38,9.33,13.53
Colombia,COL,CO,America,1.83318,6336.8,Maize,1.9022,2.24426,2.24578,3.49724,5.40202,1849750,283750,8500,4883500,312500,Potatoes,,10.3423,25.2891,26.95448,21.37802,10.19246,12.29732,42000,34750,0,191000,-1250,,Sorghum,,3.72834,,,,,,0.2843,,0.82364,,,,750,39500,1250,1000,30250,1500,Soybeans,1.03872,5.0713,,1.45426,3.46014,2.75168,1.31346,0,27750,24250,29750,81000,575000,0.23,0.51,11.82,13.02
Congo,COG,CG,Africa,0.4461,1098.8,Rice,,,0.68722,0.92426,0.60114,255000,0,0,14000,230250,Onions,7.1629,10.66088,9.45384,,8.64398,6.9299,,0,14250,0,3750,0,,None,0.88198,,,,,,,,,0.44114,,,,0,1000,250,0,0,0,Beans_dry,0.81298,,,0.53574,0.73692,,,0,4750,0,250,0,0,0.14,3.13,12.15,0
Costa Rica,CRI,CR,America,1.9,10.6,Maize,,,,1.76058,4.23412,235250,22000,500,857500,174750,Potatoes,2.98262,14.9959,30.58556,,25.10476,10.24474,,-141750,0,0,29750,-20750,-400,None,,,,,,,,,,0.60282,,,,750,4750,500,0,0,1000,Beans_dry,0.63402,,,1.10736,,,,0.7618,41500,5500,0,2500,299500,0,0,0.15,0
Croatia,HRV,HR,Europe,2.04064,4299.6,"Cereals, nes",5.57864,4.72382,2.06726,7.88772,,-163500,-38250,-1500,-439750,11750,Sugarbeet,,,24.3275,62.53692,18.1345,,13.7703,0,18500,171250,40750,0,,Oats,1.701533333,3.5728,,,0.936133333,2.9077,,2.104366667,1.281033333,,,3.00798,2.75868,0,-4750,-73250,1000,-1666.666667,-40750,Beans_dry,0.860866667,1.24305,2.442666667,,2.49556,2.81096,,0,5500,5750,-750,1000,-170000,-296.28,11.22,26.17,-45.38
Cuba,CUB,CU,America,1.55584,17084.2,Maize,,,,2.40028,3.58626,815000,28250,500,869750,690250,Potatoes,10.22118,5.99756,12.78188,,22.0278,,9.06728,0,250,0,20500,0,,None,,1.6646,,,,,,,,,,,,0,1500,0,0,0,0,Beans_dry,1.11868,,,1.05426,,,,0,29750,0,0,71500,99500,2.36,10.71,305.96,0
Cyprus,CYP,CY,Europe,4.3286,27.33333333,Wheat,1.99494,1.53878,,,,129000,177500,1250,234000,7000,Onions,,,35.02196,,23.00664,,22.77296,0,3000,0,-66250,0,,Oats,,,,,,,,0.478466667,,1,,1.52664,,250,500,0,2000,0,0,Groundnuts,2.1909,3.68424,1.045766667,3.767466667,1.4,,1.151333333,1.2192,1000,2000,0,2000,0,0.02,0.86,5.32,1.39
North Korea,PRK,KP,Asia,1.50398,57886.4,Wheat,1.3366,1.31916,,4.15094,5.01142,503250,1500,0,306500,155750,Onions,13.55094,,9.68082,,4.3252,,9.36104,500,2750,0,-11500,0,,None,1.06732,1.28388,,,,,,,,,,1.31646,,0,0,0,1000,0,0,Soybeans,0.88056,,,,,1.44742,,0,-11500,500,0,0,4250,7.69,328.57,3396.29,0
Democratic Republic of the Congo,COD,CD,Africa,0.49302,7090.4,None,1.3084,0.68342,,0.77542,0.75946,,,,,,None,5.0113,8.13712,5.37752,,4.61048,7.31184,10.8081,,,,,,,None,0.6694,0.66928,,,,,,,,0.44296,,,,,,,,,,None,0.54528,,0.43736,0.834,0.40402,0.5071,,0.3079,,,,,,0,0,0,0
Dominican Republic,DOM,DO,America,1.47174,7040,Maize,,,,1.64388,5.62938,466750,42500,250,1333500,7250,Potatoes,7.87582,7.32372,13.534,,26.71656,6.45305,4.58896,250,8750,0,29250,-1500,-7400,None,,1.43802,,,,,,,,,,,,0,6000,0,0,0,0,Beans_dry,0.95746,1.3371,,1.3575,0.8997,,1.33332,0,31750,2500,1000,2500,9000,0.43,3.54,107.17,0
Ecuador,ECU,EC,America,1.4233,4028,Wheat,1.37856,1.28888,,4.04836,4.0751,1059250,53500,-1000,87750,-13250,Potatoes,1.80242,5.2794,,6.1623,13.31866,2.71194,3.6803,1250,-250,0,16750,-23750,600,Oats,,1.62738,,,,1.7898,1.5614,0.84196,,0.799,0.33532,0.7425,,0,52000,1000,0,0,1000,Groundnuts,0.5893,0.62378,,1.23176,0.43658,1.37158,,0,-5250,6250,3500,22250,0,0.26,13.23,53.38,0.96
El Salvador,SLV,SV,America,2.10792,867.2,Maize,,,,2.80502,6.5505,226250,11000,1000,576000,87750,Potatoes,5.82066,16.15436,11.4106,,27.98656,,6.27506,4000,40000,0,90500,0,,Sorghum,,1.4626,,,,,,,,0.8047,,,,0,2000,2000,0,1000,250,Beans_dry,0.93,,,,,1.8372,,0,25000,2750,0,0,0,0.21,0.54,4.47,21.14
Eswatini,SWZ,SZ,Africa,0.35948,420.2,Maize,1.77992,,,1.21826,3.39984,51000,2750,500,115500,49500,Potatoes,1.88956,,,,2.10488,7.1151,,0,4750,0,13500,0,,Sorghum,,0.69036,,,,,,,,,,,,0,0,250,0,3250,0,Beans_dry,0.48264,,0.355,0.40106,,,,1.0284,4250,1250,500,0,0,0.22,0.8,1.09,1.49
Ethiopia,ETH,ET,Africa,0.67626,3064.6,Wheat,2.78882,2.06564,1.74732,3.49248,2.88074,1498500,142750,-4000,1500,334250,Onions,32.39368,,9.15138,,13.93128,25.08846,,0,33250,0,-95750,0,,Sorghum,2.30104,2.68934,,,,1.14068,,1.43524,,0.72938,1.1323,1.91926,1.8299,-250,250,0,-317750,181000,0,Peas,1.41292,2.06792,1.58172,1.74536,1.666,2.28948,2.00814,1.2315,-176750,-6250,60500,-119500,-61500,0.29,1.41,14.06,0.76
Fiji,FJI,FJ,Asia,0.64982,700.2,Rice,,,,3.00064,2.99998,53500,1750,1000,1750,44500,Potatoes,9.96814,25.00362,,,12.52662,2.84126,6.48744,-5000,9750,0,26250,-5500,,None,,3.38928,,,,,,,,,,,,0,250,0,0,0,0,Groundnuts,,,,0.83284,,,,0.372,0,1000,2750,1000,1250,2.36,9.72,5.57,0
France,FRA,FR,Europe,2.63502,2913.8,Rice,6.971,6.42726,3.2765,8.81152,5.21,-17021250,-7641250,-81250,-4865500,675250,Onions,,,37.16642,86.98582,41.21784,6.214133333,26.09756,11750,49750,-500,-1055000,3250,28600,Oats,3.7937,5.34016,,6.221333333,0.599866667,2.24462,,1.332666667,3.411566667,,1.89058,4.53296,3.33186,-20250,-12250,-376750,11000,-139750,-83750,Soybeans,2.233966667,2.66602,,,3.45102,2.67314,,3.4168,35500,76500,-247250,-61000,680000,1.12,0.19,36.28,-17.97
Georgia,GEO,GE,Europe,0.23518,2384.8,Wheat,2.43494,2.00544,3.76464,2.34022,,554250,0,7750,69250,11500,Onions,,,7.42782,,10.94498,,,0,21500,0,6000,0,,Sunflowerseed,,,,,,0.83598,,,1.07414,,,1.55798,,0,3750,0,0,0,4750,Soybeans,1.04396,,,0.91318,0.99452,3.2558,,0,7000,2000,1000,-250,7250,0.52,17.85,13.73,7
Germany,DEU,DE,Europe,2.601133333,2476.666667,Maize,7.4886,6.66732,,9.1698,,-5437500,-1678250,237000,2436500,414000,Onions,,,43.11552,73.24416,41.88174,,24.19242,7000,156250,-59000,-2999500,1500,22000,Rapeseed,,,,,0.5554,2.02422,,,,,1.4501,4.3742,3.38502,22500,289750,5394500,26500,5750,367500,Soybeans,,3.54452,,,3.22986,2.75138,,4.9982,15250,121250,68250,34750,3290750,0.47,0.03,11.39,0.03
Ghana,GHA,GH,Africa,0.41294,5911.8,Rice,,,,1.95682,2.81674,738000,19250,137000,75500,868250,Onions,2.00312,19.98678,17.97952,,,5.40604,,-9750,62333.33333,0,5500,-1750,,Oats,0.99438,1.10846,,,,,,,,,,0.90452,,1750,2000,0,-7916.666667,250,0,Beans_dry,1.3279,,1.34858,1.28678,,1.66662,,0.0956,9750,-750,0,2000,-500,0.96,13.42,28.42,44.56
Greece,GRC,EL,Europe,1.75062,17280,Wheat,2.83454,2.80112,2.69322,11.18264,8.14214,716750,137250,46250,634500,-150000,Potatoes,24.1983,,32.17364,57.16868,26.17576,,18.65066,500,7750,0,294750,250,600,Sesame,2.085366667,3.03966,,,,2.60672,,1.2368,,1.0634,3.625,1.74978,2.0484,250,14000,9000,29000,500,-5250,Soybeans,2.294966667,2.25666,,3.250866667,2.4482,3.2972,1.5548,2.1866,10750,16000,1000,15750,317250,3.42,2.99,25.58,10.56
Guatemala,GTM,GT,America,2.08822,14227.2,Maize,2.12638,2.01452,,2.14784,2.96792,615250,0,1000,1091750,117500,Cassava,6.44054,1.04168,30.13372,,25.60806,,,500,-20250,0,-25500,0,-200,Sesame,,1.84084,,,,,,,,1.16412,,,,1000,19000,-2000,-9000,0,1000,Beans_dry,0.98282,1.29174,,4.9554,,2.54664,,6.6341,15750,15250,0,0,11250,1.4,14.8,494.01,-30.67
Guinea,GIN,GN,Africa,1.26664,1862.4,Rice,,,,1.32254,1.25836,360000,0,-250,3500,1127500,Potatoes,6.15544,8.03026,,,16.47674,,,500,63000,0,3500,0,,Sesame,1.2257,1.29702,0.7959,,,,,,,0.2276,,,,0,0,750,-2250,0,0,None,,,,0.9158,,,,0.9233,0,0,250,0,0,0.1,0,146.13,-3.14
Guyana,GUY,GY,America,0.80378,119.2,Maize,,,,1.36724,4.33448,61000,3000,0,35000,-250000,Onions,25.78744,10.63828,72.80086,,,5.37054,92.12398,0,4500,0,11250,-1000,,None,,2.2108,,,,,,,,,,,,0,0,500,0,0,0,Peas,,5.78428,1.70118,10.83034,0.58874,,,0,0,0,3250,1250,2750,0.23,0.36,32.14,0
Haiti,HTI,HT,America,1.22388,458.4,Rice,,,,0.71598,2.64274,320500,0,0,26500,686500,Onions,4.4322,4.47586,5.00818,,12.68208,2.42584,13.0276,0,13250,0,750,0,200,Sorghum,,0.633,,,,,,,,0.27208,,,,0,0,0,0,666.6666667,0,Beans_dry,0.44178,,0.72602,0.88202,,,,0,14750,250,1500,250,0,0.09,0.23,2.89,7.25
Honduras,HND,HN,America,1.72284,3396.8,Maize,0.54432,,,1.81224,3.7579,296250,14250,5250,590500,172500,Potatoes,5.99678,9.0974,22.52744,,14.47806,6.38112,16.01728,-5000,11250,0,28500,-3750,-13000,Sorghum,,1.05934,,,,,,,,0.89498,,,,0,4750,1000,-750,250,500,Beans_dry,0.79162,,,0.53976,,2.00588,,0,9750,1250,0,0,750,0.52,4.6,28.76,239.89
Hungary,HUN,HU,Europe,1.7821,4080.2,Rice,5.2786,5.08348,2.35356,7.53726,4.05046,-2457500,-691750,-29750,-3136250,59250,Potatoes,,,26.76442,63.1053,25.00144,,14.50074,0,16250,-89500,126500,0,1200,Oats,1.406533333,4.17532,,0.276566667,0.941,2.88562,,0.7639,1.077866667,,1.31644,2.81686,3.08494,1000,1250,-571500,1250,-5000,-217250,Soybeans,1.858266667,1.79854,1.333333333,0.83335,2.46704,2.65024,1.852166667,1.5279,7500,8250,-16000,3750,42500,13.95,4.24,13.44,153.24
India,IND,IN,Asia,1.76166,438531.8,Wheat,3.177,2.58342,,2.8075,3.85234,1203750,99250,-42250,-1123250,-16667250,Cassava,11.27642,24.48364,17.19428,,22.59836,,9.597966667,72750,-1523250,0,-316250,-1250,,Sunflowerseed,1.23652,0.83988,,,,0.68524,,0.851,,0.4483,0.52724,,1.29792,-79750,79250,-15000,-280750,-78750,-2000,Peas,0.41634,,,1.51892,1.04598,1.06768,0.96432,0.4435,660750,-842250,2284000,2074250,-137250,57.87,3.35,2459.76,-2504.16
Indonesia,IDN,ID,Asia,0.9111,195252.2,Rice,,,,5.29492,5.22314,9451500,38500,18000,1670750,1779500,Cassava,18.49202,23.62262,9.70898,,17.96754,6.01404,59.72028,2379250,102000,0,133500,-9750,-10800,Sorghum,,4.9094,,,,,,,,,,,,37250,13750,1250,9500,5000,14250,Soybeans,1.0692,,,1.12468,,1.4813,,0.5967,40750,462500,12000,19500,2410500,28.65,2,32.31,3195.24
Iran,IRN,IR,Asia,2.08212,9994.6,Maize,2.1367,1.73026,,6.92568,4.6949,843500,2085000,1750,7104500,1885000,Onions,,,38.23298,60.28956,32.74444,,6.79976,500,-151000,0,-322250,0,-3500,Sunflowerseed,1.94518,,,1.03838,,1.01634,,0.57236,,0.6924,,,2.04172,17500,2000,59250,51750,0,108750,Soybeans,2.05064,2.19082,,5.04846,,2.4184,0.45152,1.0196,43083.33333,14500,1250,156250,2087500,0.49,0.19,-42.18,1.56
Iraq,IRQ,IQ,Asia,0.86668,2702.6,Wheat,2.92246,1.68948,,3.96772,4.40748,2916000,12250,0,268000,1404500,Potatoes,,,7.0744,3.5432,26.76654,,10.62892,0,234000,0,457000,0,600,Sunflowerseed,1.392,1.42738,,,,2.017,,1,,0.88472,0.3966,2.103866667,,750,750,0,14250,1500,50750,Beans_dry,5.7735,2.36702,5.05796,3.35542,,0.81582,1.496125,0,22000,8000,17500,80250,750,0.14,11.82,2.64,1.79
Israel,ISR,IL,Asia,0.31998,9.4,Wheat,2.44926,1.92872,,23.06294,,1662750,308000,11500,1601500,121750,Onions,14.67648,,22.4928,,34.54782,,30.51134,1000,13500,0,-154750,0,-9000,Sesame,,13.0327,,,,5.47024,,0.2269,,2.0277,,0.27698,,2750,7000,67500,54250,23000,750,"Pulses, nes",,,,5.44366,0.34746,,4.55372,1.2761,7750,2250,3250,22000,422500,0,0.01,0.26,0.01
Italy,ITA,IT,Europe,3.19922,15455.6,Maize,3.9456,4.01312,3.1729,9.983,6.76718,3888750,841250,66250,4762000,-749250,Potatoes,21.0575,,33.49872,60.20862,28.01608,,30.69478,5500,25750,1000,1087250,1500,6400,Sunflowerseed,,6.81892,,,,2.32356,,0.8105,,1.638033333,0.6667,2.32488,2.59176,11500,40750,26000,8000,80750,201000,Soybeans,1.976133333,1.94996,,,2.78596,3.59594,1.5728,3.5767,124500,46250,102500,107750,1361250,1.62,0.68,6.64,2.98
Jamaica,0,JA,America,2.24378,692.6,Maize,,,,1.13168,2.791675,193750,9750,500,238250,129000,Potatoes,17.44152,19.6089,12.3175,,15.99628,16.72722,18.94032,0,8250,0,18000,-1000,-1200,None,,1.0547,,,,,,,,,,,,0,7000,0,0,0,0,Beans_dry,1.04926,1.07094,1.09496,1.1605,1.10404,,,0,8750,2500,0,250,0,0.16,1.38,10.26,0
Japan,JPN,JP,Asia,2.39742,7489.8,Maize,4.23622,3.03116,,2.64614,6.88614,5650250,1797500,96750,15099500,892000,Potatoes,22.59288,,48.0759,64.10306,30.09488,15.14542,11.6993,145750,280500,0,454500,38750,14600,Rapeseed,0.77992,,,,,,,,0.54504,0.5648,,1.91622,1.88686,9250,66250,2395750,160750,639000,2000,Soybeans,1.96274,1.00504,,2.20178,2.46516,1.58844,,0,122500,100250,19000,15000,3201500,0.07,0.06,8.27,0.1
Jordan,JOR,JO,Asia,1.538575,34.8,Wheat,1.5318,1.15164,,32.7359,,1147250,713916.6667,1250,791500,190750,Potatoes,,,32.2116,,36.60254,,28.22548,0,13250,0,82250,0,,Sesame,1.67914,20.36024,,,,,,3.01324,,2.749275,,,,750,750,0,27750,1250,8000,None,,,,,,,4.507,0,3750,14500,250,59000,0,0,0,0.26,0.06
Kazakhstan,KAZ,KZ,Asia,3.17182,401,"Cereals, nes",1.17196,1.49624,1.58896,5.63826,4.79302,-7338500,-993750,-14000,-26000,-106500,Onions,,,27.85878,28.44386,19.4279,,,0,73750,17000,-66750,0,,Oats,0.9156,0.7232,,,,0.94908,,0.99432,0.80378,,0.82952,1.33014,0.953,-750,1500,-119250,750,0,-227000,Groundnuts,1.04532,,,1.47504,1.21794,2.07322,0.59412,0,7000,18000,-38500,-80500,-12500,-2.28,0.55,2.52,5.93
Kenya,KEN,KE,Africa,0.58624,16301,Wheat,1.97786,3.76258,,1.66374,4.25226,1719500,-6500,13000,599000,923250,Onions,14.20926,13.44572,10.1135,,10.2079,7.85978,,10000,24250,0,-3000,2000,500,Sorghum,0.74198,0.80968,,,,1.01738,,0.78878,,0.41854,1.00396,0.94408,,34500,1500,250,2500,80000,750,Beans_dry,0.68166,,0.71668,1.67802,,0.97968,0.35384,0.3722,169000,16500,25250,-7750,5250,0.94,1.1,113.31,2.75
Kyrgyzstan,KGZ,KG,Asia,2.45062,488.6,Wheat,2.43152,2.21792,,6.47796,3.56688,334000,2750,7250,3750,9750,Potatoes,,,22.16968,47.75984,17.03912,,11.68676,0,-9000,-31000,-8000,0,,Oats,2.1824,2.03522,,,,1.26238,,,1.73848,,2.3306,2.33736,1.3641,250,1000,0,250,0,500,Groundnuts,1.83024,,,1.88678,1.38378,1.64056,,1.7555,-72500,1000,1000,416.6666667,1000,0.18,15.36,-17.34,19.03
Laos,LAO,LA,Asia,9.44084,5801,Rice,,,,5.69846,4.27012,24250,11000,-18250,-221750,21000,Potatoes,19.8721,32.1817,,,27.08186,26.34678,,-313500,0,0,166.6666667,-3000,-11600,Sesame,,,,,,,,,,1.24982,,,,0,0,0,-666.6666667,2000,0,Soybeans,1.6447,,,2.60598,,1.70728,,0.9783,-1250,-4500,0,250,2500,58.98,66.03,15710.19,-181.26
Lebanon,LBN,LB,Asia,1.36712,8608,Wheat,3.21206,2.55004,,3.79318,,671500,112000,2000,565750,72000,Onions,,,37.57954,27.58744,27.74502,,24.08546,1250,9750,0,-34500,750,2600,Sesame,,2.16442,,,,,,1.36232,,3.47876,,1.1024,,0,1000,1000,29250,750,9750,"Pulses, nes",3.38396,1.08156,,4.73236,4.54944,,0.95206,2.994,2750,15000,250,28000,195750,2.06,15.34,552.97,17.06
Libya,LBY,LY,Africa,2.08066,597.4,None,0.77312,0.51012,,2.27114,,,,,,,None,,,20.21668,,19.7804,,20.9994,,,,,,,None,1.3728,,,,,,,,,,,,,,,,,,,None,3.41938,1.7014,,1.60438,1.60272,,0.3488,0,,,,,,0,0,0,0
Madagascar,MDG,MG,Africa,0.85312,1070.4,Rice,2.39556,,,1.7164,4.86588,292500,0,0,9500,581250,Cassava,8.15272,7.88246,4.6413,,5.9968,,,1750,-2500,0,0,-1250,,Sorghum,,0.57604,,,,,,0.6792,,,,,,0,0,0,0,2500,0,Soybeans,1.12016,,0.94062,0.75818,1.13072,0.59742,,1.1391,-42000,-32750,-4000,-21750,1,0.45,10657.97,80.36,4.11
Malawi,MWI,MW,Africa,1.02576,102043.6,Wheat,1.16986,,,1.69254,1.7307,178000,0,500,118750,5000,Potatoes,19.3393,22.46014,19.64778,,17.42286,,22.0705,0,0,0,1000,0,,Sorghum,0.57992,0.78632,,,,1.0278,,0.70564,,0.3,,,,0,0,0,-500,250,-2000,Beans_dry,0.54808,,0.42554,0.84074,0.7414,0.9571,0.78966,0.94,-750,-29000,-35250,-10500,-24250,33.53,-1242.85,29631.52,5349.26
Malaysia,MYS,MY,Asia,0.75662,1553.8,Maize,,,,7.0121,3.95496,1381000,58250,25750,4015750,1306500,Cassava,17.4092,18.30236,,,,7.74652,14.49028,272500,505750,0,482250,98750,10400,Sesame,,,,,,,,,,0.7084,,,,7500,45500,33500,10250,250,7500,Groundnuts,,,,3.20718,,,,0,39000,65750,32250,24250,717750,0.14,1.26,1.74,1.79
Mali,MLI,ML,Africa,3.2944,462.8,Wheat,3.93138,,0.44914,2.74374,3.32806,338500,2500,-3500,3750,216500,Potatoes,16.01684,14.77072,19.9992,13.94978,21.12002,,15.3104,250,25000,0,33000,6000,-15666.667,Millet,0.86682,0.97402,0.6169,,,,,,,0.48278,,,,-250,0,2750,-23750,0,0,Soybeans,10.05852,,0.43078,0.93116,,0.53946,,1.0195,1000,-1000,0,0,1250,0.27,3.33,4.94,-26.74
Mauritius,MUS,MU,Asia,1.6449,160.4,Maize,,,,6.77354,2.38746,140750,8250,0,107750,75500,Potatoes,11.65044,12.71228,15.10898,,21.78358,,11.1596,0,12250,0,17000,0,,None,,0.5774,,,,,,,,,,,,0,1000,0,0,0,0,Groundnuts,,,,2.41862,,,,0,1000,2000,4000,7250,1000,0.5,3.23,3.43,0
Mexico,MEX,MX,America,2.25864,6923.6,Maize,5.22584,2.74042,1.59714,3.77386,6.1967,3075750,657250,35250,13352500,1023250,Potatoes,19.73014,12.67918,31.08614,6.64856,28.88726,28.97824,19.08694,8250,-336750,0,424750,-51250,-1800,Rapeseed,13.396425,3.32192,,,,1.28756,,0.9165,,0.6935,0.70444,1.8748,0.76,4000,249750,1509500,18500,381250,22500,Soybeans,0.70402,1.53148,,1.69428,1.33532,1.62786,1.87848,0.8051,93750,200750,17500,-85250,4363250,0.1,0.04,7.85,0.06
Montenegro,MNE,ME,Europe,1.99318,119,Wheat,3.05224,2.6668,,4.27472,,102250,6250,2750,30000,1750,Potatoes,,,16.35666,,16.9814,,,0,4750,0,11500,0,,None,,,,,,,,,,,,2.7228,,0,0,0,0,0,0,Beans_dry,6.4935,,,,3.03316,,,0,1000,1000,0,0,1000,0.18,12.88,2.93,0
Morocco,MAR,MA,Africa,3.0265,368.6,Wheat,1.97494,1.27442,0.8748,0.81136,7.5598,4252750,516500,-1750,2125250,20250,Potatoes,20.12556,,27.2569,66.1826,30.11242,6.46918,25.12178,0,-500,0,29500,0,,Sunflowerseed,2.12448,0.9128,,,,1.30578,,0.73716,,1.04292,,1.06306,1.6,3500,3000,1000,6750,250,11500,Soybeans,,0.63342,,2.48904,0.62072,0.98862,0.73702,0.6242,5500,1750,9250,42000,80000,0.01,0.08,6.27,0.7
Mozambique,MOZ,MZ,Africa,1.16748,80471.2,Rice,1.11534,,,0.77602,0.4645,680000,26750,0,164500,894250,Onions,11.83488,5.14338,20.98934,,16.02634,7.64336,1.76304,500,48000,0,39750,0,,Sorghum,0.43118,0.4502,,,,0.75662,,,,0.65512,,,,0,0,0,-32250,2000,0,"Pulses, nes",0.55518,,0.25404,0.24956,,,,0.6396,-30000,-17250,-3250,-5000,-6000,2.09,-171.56,586.47,301.9
Burma,BUR,BU,Asia,1.86126,14791,Wheat,1.73666,,0.74524,3.79152,3.83284,174000,295250,-500,-375250,-964500,Cassava,9.36068,11.90698,15.1089,,15.29356,,,-4000,0,0,-20000,-750,-333.334,Sunflowerseed,0.9815,0.98804,,,,0.92166,,0.66104,,0.5166,,,,-8166.666667,250,250,-81500,0,-750,Peas,1.70518,,0.8704,1.53068,1.38348,1.0379,1.43754,0,-794000,-68250,43500,-196000,5500,7.38,7.84,-733.82,-302.94
Nepal,NPL,NP,Asia,1.0898,1106.2,Rice,2.61606,1.21846,,2.59316,3.42988,171000,23000,2250,410250,903250,Potatoes,,,,,14.5759,5.15916,,1250,110000,0,272500,0,,Millet,1.1666,,,,,,,1.20588,1.078,,0.75924,,,14666.66667,250,100750,1250,-1000,750,Soybeans,0.8554,0.87874,,,,1.237,1.0939,0.9834,23000,11000,44500,61250,63750,0.21,0.36,0.99,1.47
Nicaragua,NIC,NI,America,1.66532,3528.4,Maize,,,,1.24874,6.15368,190750,14000,0,235000,126500,Onions,,8.96308,19.1925,,18.3731,4.0404,,-18000,17250,0,9250,-10000,-800,Sorghum,,1.63158,,,,,,,,0.752,,,,0,8750,1000,-5500,-1000,0,Soybeans,0.79708,,,4.30898,,2.03446,,0,-61250,-116750,0,0,2000,0.94,59.82,65.43,-95.95
Niger,NER,NE,Africa,2.35534,672.6,Rice,2.52552,,0.33224,1.3779,4.29208,66750,0,0,32500,313750,Potatoes,26.20002,24.356,32.77742,,29.31232,,30.98312,1750,-75250,0,6500,833.3333333,1400,Sorghum,0.52718,0.52344,0.563,,,,,,,0.46458,,,,2250,0,-333.3333333,-35750,8000,0,Peas,0.5268,,0.3755,0.58696,0.42992,,0.57168,0.3748,-9750,0,1,-2750,0,0.46,4819.4,50.55,0.73
Nigeria,NGA,NG,Africa,0.58152,9596.6,Wheat,1.02518,,,1.59008,1.59102,4776000,5750,750,356250,1268750,Potatoes,2.47444,8.8226,2.46818,,4.08502,,,-2500,0,0,10000,-1250,-1000,Sorghum,0.83368,1.24214,0.50004,,,,,,,0.7391,,,,-4666.666667,8000,0,-167666.6667,-4666.666667,0,Soybeans,,,0.7698,1.22478,,0.92438,,0.4644,-500,4000,0,-3000,29750,0.1,4.97,65.34,-42.57
North Macedonia,MKD,MK,Europe,1.5208,16344.8,Wheat,3.24406,2.86754,,4.42008,5.69928,132250,15500,0,59500,-7750,Potatoes,,,16.38942,29.73654,14.13544,,,0,-2000,0,15500,0,,Sunflowerseed,1.12682,1.23046,,,0.6548,1.50766,,1.17612,,1.04792,,1.88538,2.60578,0,2000,-2250,2000,0,6250,Beans_dry,1.16618,,3.72384,,1.9803,1.45546,1.30328,0,4500,6000,0,1000,500,20.05,70.6,248.43,65.71
Oman,OMN,OM,Asia,4.55218,256.8,Wheat,3.85178,2.7386,2.46602,8.59634,,381500,113250,6000,198250,221250,Potatoes,,,16.86268,,26.75568,,19.83654,1000,77750,750,117250,500,200,Sorghum,,28.10732,,,,,,,,,,,,1500,2000,500,500,250,750,"Pulses, nes",,,,,,,,2.2877,2000,1500,3250,20750,0,0.13,0.47,0.98,481.2
Pakistan,PAK,PK,Asia,2.2339,48992.6,Barley,2.82678,0.9443,,4.75618,3.77126,-1111500,20750,1000,-39500,-5614250,Tubers,8.2881,,13.40262,36.7309,23.17722,15.9189,10.02722,2500,-62000,0,-477250,250,,Rapeseed,0.6928,0.59702,,0.5121,,1.22804,,0.46452,,0.43356,0.71996,,1.05632,20000,19000,776750,-33500,49500,24750,Soybeans,0.6986,,,0.91332,0.66764,0.80758,0.37022,0.6696,108000,48000,350500,491000,1068500,111.48,0.62,155981.66,1.11
Palestine,PSE,PS,Asia,0.70278,359.2,None,2.25144,2.11096,3.0536,,,,,,,,None,27.44846,,22.4857,,37.18684,18.56962,18.93254,,,,,,,None,,0.91454,,,6.39162,1,,1.52002,,0.758,,,,,,,,,,None,,1.57426,3.70472,4.6667,2.55312,,1.47918,0.7609,,,,,,0,0,0,0
Panama,PAN,PA,America,1.84296,1497.8,Maize,,,,2.04878,3.34522,193250,29500,2000,502000,158250,Potatoes,,15.96784,20.79014,,24.52494,21.375,,500,17750,0,25000,0,,Sorghum,,3.5338,,,,,,,,0.61988,,,,0,4500,250,0,500,1000,Soybeans,0.43564,,,,,0.30108,,0,6750,1750,2000,10166.66667,36750,0.31,0.2,24.49,176.43
Paraguay,PRY,PY,America,2.00036,3221,Wheat,2.11572,,,5.24706,6.56026,-608250,31250,2250,-2214500,-779500,Potatoes,9.94278,17.64138,5.9191,,14.4423,,4.12534,-122250,0,0,38250,0,466.667,Sunflowerseed,,3.47844,,,,1.60164,,,,0.56704,,,1.29382,0,250,-16250,-22750,-10750,1000,"Pulses, nes",0.8475,0.6834,,0.9965,0.88154,2.77156,,1.4276,-1000,-8750,0,1,-5524500,-0.56,76638.33,20.27,85.98
Peru,PER,PE,America,9.24208,214.2,Maize,1.53086,1.54524,0.83424,3.38898,7.71176,1839250,197250,-45750,3165000,440000,Potatoes,17.88366,12.09452,39.8337,,15.34906,7.39454,24.98896,-8500,-195250,0,47000,-500,-4400,Oats,,3.8243,,,,,1.34542,0.90946,,0.8342,0.90204,1.34462,,0,38250,1000,1250,0,250,Soybeans,1.16056,1.42422,1.26242,1.57942,1.08592,1.8735,1.20944,0.8294,3250,15250,31750,37750,307500,0.01,0.02,1.17,0.13
Philippines,0,PI,Asia,1.7398,30529.2,Rice,,,,3.0412,3.95796,5286500,249750,4250,748000,1666250,Cassava,6.2757,11.98154,10.50192,,15.2475,1.69964,14.2298,579250,74750,0,241250,1250,,Sorghum,,5.35538,,,,,,,,,,,,4500,26500,1000,1500,18000,3250,Soybeans,0.8456,,1.96902,1.2134,,1.26004,,1.9733,41750,113500,44000,2500,146000,3.63,4.39,10.52,151.38
Poland,POL,PL,Europe,2.21118,14009.6,Barley,4.4645,3.54506,1.21434,6.11342,,-2879500,177500,-467000,-600750,143500,Onions,,,23.0953,60.74218,24.81186,,35.4304,750,-70750,0,-805000,0,2600,Sunflowerseed,1.587566667,,,0.4754,,1.7823,,,1.3301,,1.33778,2.64914,2.7167,0,-61000,21500,11750,10250,50250,Soybeans,2.341033333,2.45278,,,2.23036,1.99325,,0,-7250,54000,-7000,-3750,89250,13.99,5.21,-76.22,8.28
Portugal,PRT,PT,Europe,2.34924,78.6,Maize,2.2715,2.50192,1.495,8.52592,5.84046,1413000,303000,27250,2085500,46000,Potatoes,22.1972,,29.0083,43.28786667,20.85028,,22.3015,2000,55250,0,429000,0,-3200,Sunflowerseed,,,,,,1.5153,,,,,,1.38346,,4500,16000,259000,0,6000,218750,Beans_dry,0.615733333,5.2662,,,,,0.837833333,0,22500,7000,4750,18750,909750,0.02,0.04,0.06,0.01
Puerto Rico,PRI,PR,America,1,1,None,,,,3.4427,2.1412,,,,,,None,8.6853,4.48982,,,,11.07244,17.16664,,,,,,,None,,,,,,,,,,,,,,,,,,,,None,0.69752,,,,,,,1.3488,,,,,,0,0,0,0
South Korea,KOR,KR,Asia,2.43928,10915.2,Maize,3.60394,2.42338,1.34796,4.97448,7.0724,4269500,305000,7500,9865000,429750,Potatoes,14.74442,,63.07066,,25.23156,,33.86608,302500,97250,0,229250,26250,800,Sesame,1.12084,1.7304,,,,,,,0.84214,0.49494,,,1,13750,30500,11000,75250,18500,3750,Soybeans,1.13952,,,2.7265,1.4,1.76222,,1.0739,41750,44750,3500,10000,1291000,0.28,0.25,20.02,1.2
Moldova,MDA,MD,Europe,1.63276,525.2,Barley,3.25508,2.8415,,3.49082,,-477000,-118000,6750,-333000,13250,Potatoes,,,8.88082,34.46808,9.31368,,10.99738,0,2500,0,41500,0,,Oats,1.50508,4.003,,,,1.9776,,,0.54906,,,1.64324,2.15622,0,3250,-53500,0,-3000,-460500,"Pulses, nes",0.89618,,,,2.02832,1.4305,3.99078,1.0807,-1500,0,-13250,1,-29250,-0.63,9459.73,1.96,4.43
Romania,ROU,RO,Europe,1.49882,856.2,Rice,4.4338,4.009,1.69602,5.5474,4.87682,-4109500,-907000,6750,-3675000,59000,Potatoes,,,11.61018,40.10498,15.78566,,15.0023,0,57500,500,208750,0,600,Oats,,3.54734,,0.1052,0.4398,2.49318,,,,,1.71144,2.2666,2.5926,-250,4500,-1212750,2750,-16500,-1087250,Beans_dry,1.1476,1.29735,,,1.973,2.45138,1.233666667,0,23500,12250,-86000,2000,22000,3.54,0.7,1.08,7.19
Rwanda,RWA,RW,Africa,1.14514,4624.2,Wheat,1.34532,,,1.4319,3.49772,116750,0,0,91750,22250,Cassava,6.41358,8.34092,6.6166,,8.74944,,5.16276,49750,-750,0,19750,500,,Sorghum,0.39412,1.02426,,,,,,,,,,,,0,0,0,0,27833.33333,0,Groundnuts,0.84094,,,0.4409,0.61046,0.47344,,0.8613,250,12500,0,0,3750,2.66,2.72,12.92,2.84
Saint Vincent and the Grenadines,VCT,VC,America,1.5485,64.6,Maize,,,,26.81136,,10250,1000,0,6250,2500,Tubers,7.59206,6.82558,,,,14.9492,10.89346,0,500,0,1250,-5500,-500,None,,1.435,,,,,,,,,,,,0,0,0,0,0,0,None,,,,3.3869,,,,0,0,0,0,0,2500,13.86,0,-2.93,0
Samoa,WSM,WS,Asia,4.97748,50.6,Maize,,,,4.3305,,12750,1000,-500,250,1750,Tubers,,12.38744,,,,7.519,,0,1000,0,2000,-1250,,None,,3.9304,,,,,,,,,,,,0,0,0,0,0,0,None,,,,0.932,,,,1.0878,0,0,0,0,750,43.82,0,-5.07,0
Serbia,SRB,RS,Europe,1.40684,5624.4,"Cereals, nes",4.40366,3.86192,2.23518,6.41386,,-971750,-53250,-3000,-1862250,9250,Potatoes,,,8.96614,51.10376,17.26844,24.1432,,0,-8750,-31500,24500,0,,Oats,0.87078,3.04082,,,1.10398,2.91732,,,,,,2.69126,2.7753,750,5000,-70500,1500,500,-85250,Beans_dry,1.0525,,3.36426,,,2.84926,,0.6176,13250,11250,1250,1000,-60750,-209.53,7.45,66.07,50.46
Sierra Leone,SLE,SL,Africa,0.47918,101,Rice,,,0.808,1.70464,1.29268,79750,1500,0,1250,503250,Cassava,6.8434,12.45768,,,,,,-333.3333333,20000,0,2000,-3500,,None,1.05634,0.93834,,,,,,,,0.52566,,,,0,0,0,0,0,0,Peas,,0.94552,,0.965,0.85948,,,1.8502,250,750,1500,0,0,0.01,0.96,-62.91,0
Slovakia,SVK,SK,Europe,0.687475,6.8,Wheat,5.1276,4.61174,1.4074,7.09564,,-1065500,-374750,-250,-350000,29000,Potatoes,,,28.94184,59.735,20.73112,,4.85358,0,13000,-25333.33333,74750,0,,Millet,1.323333333,2.59404,,,0.8728,2.67844,,0.974766667,0.970366667,,1.10288,2.52678,3.031,1,-4000,-152000,0,-500,-188000,"Pulses, nes",1.2163,1.1876,,,2.51156,2.2584,0.666966667,1.1196,2000,6750,-5000,2250,-42750,0,0.06,0.03,149.98
Solomon Islands,SLB,SB,Asia,0.88024,128.6,Rice,,,,,1.6931,21000,1250,0,0,64750,None,14.17534,16.68626,,,,,,0,500,0,250,0,,None,,,,,,,,,,,,,,0,0,0,0,0,0,None,,,,,,,,0,0,0,0,0,0,0.17,0,0,0
Somalia,SOM,SO,Africa,0.41438,361,None,0.39836,,,0.7206,1.56176,,,,,,None,9.93104,9.60064,1.4815,,,,,,,,,,,None,,0.4998,,,,,,,,0.4283,,,,,,,,,,None,0.30646,,,1.06654,,,,0,,,,,,0,0,0,0
South Africa,ZAF,ZA,Africa,3.09366,4841.6,Wheat,3.28398,3.41212,0.47288,4.88864,2.7577,1420750,139500,-6750,-799000,1233750,Onions,2.83756,,24.40414,,36.20934,,8.93148,16500,-95750,0,-136250,0,-2400,Oats,0.48846,2.65198,,,,1.26506,,,0.40352,,,1.46516,1.29608,7250,51750,-500,1250,44000,38500,Soybeans,1.22342,,0.43786,1.09604,1.0248,1.77676,,0.8005,19500,16000,10000,7500,111000,0.56,1.29,-20.57,2.28
Spain,ESP,ES,Europe,3.23718,8781.6,Maize,3.18352,2.9962,2.28886,11.55026,7.65972,5300750,889000,238000,7179500,-177250,Potatoes,25.1598,,53.62278,89.9785,31.6591,16.6441,47.57512,10000,-288250,-250,1309250,2750,-26400,Sunflowerseed,2.168233333,4.62498,,3.8877,1.088433333,1.15666,,0.857733333,,,0.702875,1.98706,2.1037,12250,62500,1250,5250,268000,402750,Soybeans,1.9175,1.27848,,2.615966667,1.39206,2.99028,0.973933333,0,47500,64250,172750,98500,3374500,0.71,0.13,3.54,0.42
Sri Lanka,LKA,LK,Asia,4.85232,1477,Rice,,,,3.71358,3.8659,1060250,16750,0,119250,508250,Onions,10.35434,13.96104,14.45,,16.79578,,13.92268,4000,241500,0,159750,-500,,Millet,1.0581,1.88382,,,,,,,,0.8442,,,,3250,-1000,1500,-3250,0,0,Beans_dry,1.14702,,1.3189,1.63282,,1.75686,,0,25250,5750,40750,177750,5000,0.56,1.12,1.47,8.01
Switzerland,CHE,CH,Europe,2.1064,462.4,Wheat,5.5692,6.63202,2.28354,10.112,,627750,122000,10500,162750,121750,Sugarbeet,,,40.05312,73.42098,37.70914,,25.09476,1250,5500,76500,58750,0,3000,Oats,3.435,,,,,2.7994,,,,,2.23716,5.03854,3.46536,2250,59000,9000,1000,0,6500,Soybeans,,2.7877,,,3.15764,2.68436,,1.4739,2750,7500,12500,5000,14000,0.21,1.48,7.4,0.66
Syria,SYR,SY,Asia,0.4193,9941.2,None,1.89736,0.85378,,3.39448,,,,,,,None,,,14.42598,41.57236,22.00022,,14.92792,,,,,,,None,1.69444,2.03142,,,,1.2889,,0.88158,,0.79516,,1.3883,,,,,,,,None,2.25838,1.65936,,2.75248,1.16368,1.66922,0.76884,14.1721,,,,,,0,0,0,0
Tajikistan,TJK,TJ,Asia,1.64026,112.6,Wheat,3.09614,1.83924,,12.92864,7.67708,1121500,8750,0,2000,20500,Potatoes,,,28.89588,,20.37934,,,0,-79000,0,30500,0,,Sunflowerseed,2.29076,2.48218,,,,2.48328,,1.66914,,1.28408,,1.30266,0.66184,0,250,1000,0,0,7000,Peas,6.1,,,3.44698,1.19858,0.37246,,1.1773,-500,-2500,3250,1000,1000,0.02,0.69,1.25,0.67
Thailand,THA,TH,Asia,3.46698,18484.2,Wheat,1.05982,2.28236,2.52254,4.45706,2.97354,3737000,335750,-223750,-218750,-15962750,Potatoes,,22.22216,26.3045,,17.50588,16.30596,20.66046,-23418500,40500,0,141250,-13000,19000,Sesame,,1.92092,,,,1.02464,,,,0.68216,,,,5750,2500,3750,8000,-3000,6250,Soybeans,0.76164,,,1.23644,,1.61468,,1.05,-12250,101250,8000,2750,2732000,0.26,0.18,38.18,26.27
Togo,TGO,TG,Africa,0.43972,4343.2,Rice,,,0.8367,1.2621,1.67234,159750,11000,250,0,232250,Cassava,3.5297,3.90962,,,,5.17944,,-2000,-1000,0,3500,-3500,,Sesame,0.63996,0.87686,,,,,,,,0.3293,,,,0,0,0,-8000,0,0,Groundnuts,0.51274,,,0.71726,,0.4438,0.76196,0,0,-1500,1666.666667,-250,-14916.66667,1.56,-34.61,-141.5,-2.98
Trinidad and Tobago,TTO,TT,America,1.4679,140.4,Maize,,,,1.9783,0.78492,118000,11000,5750,99500,33000,Tubers,3.67614,5.43838,,,,8.69576,4.486,0,0,0,43750,3750,200,None,,1.435,,,,,,,,,,,,0,1750,0,0,0,0,"Pulses, nes",,,3.23486,,,,,7.788,1500,4750,4500,5750,5500,0.14,3.17,16.28,0
Tunisia,TUN,TN,Africa,1.44044,1448,Wheat,1.7668,0.9812,1.7811,,,1836500,618750,2500,1118750,24000,Potatoes,,,30.15902,59.16572,17.16012,,27.71202,0,-1000,0,36250,0,,Sunflowerseed,,0.52168,,,,0.80724,,0.63388,,,2.9891,0.36348,0.71442,2000,250,0,12250,5333.333333,6500,"Pulses, nes",0.9932,1.07138,,,0.88816,,0.8523,0.8599,5250,5500,1250,12750,563250,0.07,1.63,11.42,3
Turkey,TUR,TR,Asia,0.82418,94488,Maize,2.78368,2.72964,,9.40722,7.9643,-1093750,389250,-85750,971250,321000,Onions,,,31.54922,60.27408,33.24632,,5.09484,88750,-137000,0,-153750,0,,Sunflowerseed,2.33164,3.4,,0.45,0.56904,2.54956,,1.43542,,0.66868,,2.35438,3.46758,5750,1750,135750,132750,500,473000,Soybeans,2.5914,2.74598,,3.93386,2.80172,4.33088,1.2441,1.0574,28750,16750,16500,109750,2284500,45.76,2.99,-362.65,8.49
Turkmenistan,TKM,TM,Asia,2.12256,1521.8,Wheat,1.319,1.20668,,1.2648,0.89186,118000,8750,5250,3000,34500,Potatoes,,,27.57048,12.5485,18.1002,,,0,22500,0,124750,0,,None,,,,,,,,,,,,,1.3121,0,0,0,0,0,2750,Peas,,,,,1.8019,,,0,0,1750,1250,1000,1500,0.85,36.56,3.68,0
Uganda,UGA,UG,Africa,1.31978,23933.8,Wheat,1.56932,,,2.61142,2.66678,558000,11750,-24000,-404500,110250,Onions,4.30864,2.5716,3.95508,,4.32488,,,-11500,9750,0,-7000,-2500,-200,Sunflowerseed,1.39442,0.96608,,,,0.97192,,,,0.68198,,,,-33500,-3000,0,-25500,-68750,-2250,Groundnuts,1.70626,,0.44026,0.64324,0.494,0.58074,0.62102,0,-206750,7000,2250,-10250,-10500,3.37,36.66,161.81,-172.31
Ukraine,UKR,UA,Europe,2.33086,460,Rice,4.01506,3.18846,1.62404,6.57188,5.2918,-16783750,-4562250,-8000,-19332750,115500,Potatoes,,,17.74976,47.22694,16.40908,,20.79176,250,-11000,0,16500,0,,Oats,1.69088,3.8297,,0.54224,,2.25578,,1.61886,1.11254,,1.02462,2.31152,2.63236,-62500,-35000,-1775750,2500,-129250,-71000,Beans_dry,1.54918,2.4234,,,2.41998,2.19638,,1.4409,-10000,33500,-432000,-13500,-2503000,1.05,-1.19,7.62,-0.51
United Arab Emirates,ARE,AE,Asia,14.23816,16.4,Maize,,,,29.34498,,1086750,417500,174000,541750,703750,Potatoes,,,,,28.7654,,32.01834,11750,336250,1250,299500,12250,3800,Sesame,,,,,,,,,,1.4682,,,,16750,23250,813250,9250,8500,5250,"Pulses, nes",,,,,,,,2.2877,45250,19500,29250,213500,48750,0.04,0,0.03,0.04
United Republic of Tanzania,TZA,TZ,Africa,0.58276,190258,Wheat,1.14444,1.94788,1.0646,1.6605,2.52704,549750,36000,-2250,-41500,-8500,Potatoes,6.43756,6.15026,13.91808,,8.24864,2.24,,-62000,-2750,0,750,0,,Sunflowerseed,1.1095,1.02874,,,,1.14464,,,1.02926,0.71628,,,,-500,0,-750,-105250,-1000,1000,Soybeans,1.2105,,1.06032,0.77028,0.57116,1.08136,0.88982,0.9833,-60750,250,-5750,-106500,500,19.8,6857.91,34874.88,3629.62
United States,USA,US,America,2.29866,120462,Barley,3.2527,4.0356,,11.00124,8.37876,-20066750,151500,152250,-54804000,-3465500,Onions,23.02306,,62.0904,69.45968,48.793,,24.08484,190000,201750,39666.66667,-385250,160250,-216200,Oats,1.93628,4.65526,,,,1.84956,,1.27228,1.05072,,1.30808,2.34634,1.9448,-80000,1945250,451500,21250,-6556750,-42750,Peas,2.1404,,1.90938,4.38364,2.06672,3.3249,1.60368,0,-292000,-582250,-211000,-212250,-51233250,160.44,-19.67,617.89,2.42
Uruguay,URY,UY,America,3.97072,819.8,Maize,3.15458,3.23372,,6.14822,8.2614,-366250,-365250,58500,294250,-1196750,Potatoes,9.23058,,21.286,,20.25744,,12.5596,2000,0,0,36250,0,1200,Oats,,3.86006,,,,1.1288,,,,,1.23676,1.93564,1.35748,0,4750,-11500,0,1000,500,Groundnuts,0.63334,1.94236,,0.53776,2.13748,2.27164,,0,1000,3500,0,4250,-2464500,0.86,2.1,7.64,5.57
Uzbekistan,UZB,UZ,Asia,1.92946,3268.6,Wheat,4.54232,1.45912,3.99316,10.92598,5.59484,2071750,61750,1250,51500,27250,Potatoes,,,38.08456,,34.09556,,,0,-45000,0,138250,0,,Sunflowerseed,7.44002,10.5756,,,,3.96684,,0.958,,1.29808,0.3333,,0.6034,0,4500,250,-666.6666667,0,128000,Peas,,6.3094,,14.70004,3.34186,2.460575,2.42012,3.5702,-85750,-21250,9250,-14000,9000,0.36,19.68,13.44,1.69
Venezuela,0,YV,America,1.8347,1612.6,Maize,2.81304,,,3.50708,4.11022,1310250,5750,250,1602000,672500,Cassava,9.64902,12.3316,21.89296,20.41554,19.32082,14.18716,15.62756,5000,0,0,4500,0,,Sesame,,2.17102,,,,0.52516,,,,0.38426,,,,0,41500,750,-12500,0,0,Soybeans,0.65888,,,2.87296,1.60436,1.26014,,0,91750,750,2500,9750,209500,0.18,0.16,66.29,-0.83
VietNam,VNM,VN,Asia,2.21516,14548.4,Maize,,,,4.65196,5.70312,3878750,548500,1000,8402000,-9229750,Onions,11.15922,19.2019,3.88996,,14.88542,,,-8309750,169250,-250,102000,5000,-20000,Sesame,2.0058,,,,,,,,,0.81158,,,,1416.666667,3000,8750,49333.33333,1000,17500,Soybeans,1.12312,,,2.37352,,1.52422,,0.831,121000,40000,7000,-2250,1554000,0.4,0.24,5.57,3.99
Yemen,YEM,YE,Asia,2.10676,9988.8,Wheat,1.59308,0.72268,,1.1558,,3312500,0,2000,605750,713250,Potatoes,8.50548,,14.20766,,15.20192,,6.94996,1000,-70750,0,50750,0,,Millet,0.53112,0.58816,,,,,,0.75824,,1.00734,,,,9666.666667,1250,0,1750,750,0,Peas,2.65996,1.59056,2.37338,0.71834,1.51454,,2.2871,1.2226,16000,8000,50000,12500,0,0.24,5.04,49.87,9.15
Zambia,ZMB,ZM,Africa,1.70646,82933.6,Wheat,6.53866,1.037,,2.52286,1.31138,40000,7750,-3750,-413250,8750,Potatoes,3.58608,28.7944,15.3654,,18.48406,,,0,9250,0,10500,-1500,,Sorghum,0.77914,0.68398,,,,0.52776,,,,,,,,0,1000,0,0,750,-500,Groundnuts,,,,0.6584,,1.70614,,0.4903,-5250,1000,0,-2500,-27250,677.84,910.06,2433.25,1260.55
Zimbabwe,ZWE,ZW,Africa,1.6281,118567.4,Maize,1.78622,5.49668,0.9979,0.93036,0.15322,305250,-4250,250,479500,39000,Potatoes,2.75978,4.7358,16.42006,,4.7069,10,,1250,500,0,7250,0,,Sorghum,0.2663,0.35468,,,,0.4855,,,,,,2.05152,,0,750,0,-500,15250,0,Soybeans,0.54996,,,0.41214,,1.37886,2.16474,0.8738,3250,12250,2500,3000,26750,11.5,101.86,1282.95,45.96